domain,subdomain,ip,reverse_dns,scheme,url,status,length,title,content_hash,server_header,ssl_sans,open_ports,banners
akamaiedge.net,n4dscd.akamaiedge.net,23.212.254.110,a23-212-254-110.deploy.static.akamaitechnologies.com,http,http://n4dscd.akamaiedge.net,400,312,,096b40f5ea6d615fa429776b28efe2491e2b6a628a3efe0084d418a1a4d37704,AkamaiGHost,,"80,443","{""80"": ""HTTP/1.0 400 Bad Request\r\nServer: AkamaiGHost\r\nMime-Version: 1.0\r\nContent-Type: text/html\r\nContent-Length: 312\r\nExpires: Fri, 11 Jul 2025 12:24:53 GMT\r\nDate: Fri, 11 Jul 2025 12:24:53 GMT\r\nConnection: close\r\n\r\n"", ""443"": null}"
akamaiedge.net,n5dsce9.akamaiedge.net,23.212.254.39,a23-212-254-39.deploy.static.akamaitechnologies.com,http,http://n5dsce9.akamaiedge.net,400,310,,c67c3efb3f3731744f4c24e08a585721f7bd19a14e0d9a8957fb4e250ee00277,AkamaiGHost,,"80,443","{""80"": ""HTTP/1.0 400 Bad Request\r\nServer: AkamaiGHost\r\nMime-Version: 1.0\r\nContent-Type: text/html\r\nContent-Length: 310\r\nExpires: Fri, 11 Jul 2025 12:24:53 GMT\r\nDate: Fri, 11 Jul 2025 12:24:53 GMT\r\nConnection: close\r\n\r\n"", ""443"": null}"
akamaiedge.net,n5dscb.akamaiedge.net,23.212.254.39,a23-212-254-39.deploy.static.akamaitechnologies.com,http,http://n5dscb.akamaiedge.net,400,310,,6558b0bcaf388b2c1e5989015915d6bb4c7c8698da1ef8b33c7033e2d9eb2d8d,AkamaiGHost,,"80,443","{""80"": ""HTTP/1.0 400 Bad Request\r\nServer: AkamaiGHost\r\nMime-Version: 1.0\r\nContent-Type: text/html\r\nContent-Length: 310\r\nExpires: Fri, 11 Jul 2025 12:24:53 GMT\r\nDate: Fri, 11 Jul 2025 12:24:53 GMT\r\nConnection: close\r\n\r\n"", ""443"": null}"
akamaiedge.net,n5dsce2.akamaiedge.net,23.212.254.39,a23-212-254-39.deploy.static.akamaitechnologies.com,http,http://n5dsce2.akamaiedge.net,400,310,,0239beee7165792a20900e5bc3efc9556952f61055464408b386b2dc2b3941ff,AkamaiGHost,,"80,443","{""80"": ""HTTP/1.0 400 Bad Request\r\nServer: AkamaiGHost\r\nMime-Version: 1.0\r\nContent-Type: text/html\r\nContent-Length: 310\r\nExpires: Fri, 11 Jul 2025 12:24:53 GMT\r\nDate: Fri, 11 Jul 2025 12:24:53 GMT\r\nConnection: close\r\n\r\n"", ""443"": null}"
akamaiedge.net,n4dsce2.akamaiedge.net,23.212.254.110,a23-212-254-110.deploy.static.akamaitechnologies.com,http,http://n4dsce2.akamaiedge.net,400,312,,c02b999762d87b929b9807c0822a03e8e63a13570737e67257f03ef240c61601,AkamaiGHost,,"80,443","{""80"": ""HTTP/1.0 400 Bad Request\r\nServer: AkamaiGHost\r\nMime-Version: 1.0\r\nContent-Type: text/html\r\nContent-Length: 312\r\nExpires: Fri, 11 Jul 2025 12:24:53 GMT\r\nDate: Fri, 11 Jul 2025 12:24:53 GMT\r\nConnection: close\r\n\r\n"", ""443"": null}"
akamaiedge.net,n4dspb.akamaiedge.net,23.212.254.110,a23-212-254-110.deploy.static.akamaitechnologies.com,http,http://n4dspb.akamaiedge.net,400,312,,5d55da5ce0f24c3485a4dfd4d626708dbded59d62b48dedfb8dd0c7431409515,AkamaiGHost,,"80,443","{""80"": ""HTTP/1.0 400 Bad Request\r\nServer: AkamaiGHost\r\nMime-Version: 1.0\r\nContent-Type: text/html\r\nContent-Length: 312\r\nExpires: Fri, 11 Jul 2025 12:24:53 GMT\r\nDate: Fri, 11 Jul 2025 12:24:53 GMT\r\nConnection: close\r\n\r\n"", ""443"": null}"
akamaiedge.net,n5e9.akamaiedge.net,23.212.254.39,a23-212-254-39.deploy.static.akamaitechnologies.com,http,http://n5e9.akamaiedge.net,400,310,,cf1fb43fb93372bf2782d12cbf630ef9e125158bb319c91267af692807c381db,AkamaiGHost,,"80,443","{""80"": ""HTTP/1.0 400 Bad Request\r\nServer: AkamaiGHost\r\nMime-Version: 1.0\r\nContent-Type: text/html\r\nContent-Length: 310\r\nExpires: Fri, 11 Jul 2025 12:24:53 GMT\r\nDate: Fri, 11 Jul 2025 12:24:53 GMT\r\nConnection: close\r\n\r\n"", ""443"": null}"
akamaiedge.net,n5dspb.akamaiedge.net,23.212.254.39,a23-212-254-39.deploy.static.akamaitechnologies.com,http,http://n5dspb.akamaiedge.net,400,310,,c80198021dd00828a6edabf2d5ce6e29ebd22ae2feedf7667efc1ebfce2351a4,AkamaiGHost,,"80,443","{""80"": ""HTTP/1.0 400 Bad Request\r\nServer: AkamaiGHost\r\nMime-Version: 1.0\r\nContent-Type: text/html\r\nContent-Length: 310\r\nExpires: Fri, 11 Jul 2025 12:24:53 GMT\r\nDate: Fri, 11 Jul 2025 12:24:53 GMT\r\nConnection: close\r\n\r\n"", ""443"": null}"
akamaiedge.net,n5g.akamaiedge.net,23.212.254.39,a23-212-254-39.deploy.static.akamaitechnologies.com,http,http://n5g.akamaiedge.net,400,310,,a43f50e339659e7e224ff79ed7840f4e1132bb068bf7ef099a497c963acbe387,AkamaiGHost,,"80,443","{""80"": ""HTTP/1.0 400 Bad Request\r\nServer: AkamaiGHost\r\nMime-Version: 1.0\r\nContent-Type: text/html\r\nContent-Length: 310\r\nExpires: Fri, 11 Jul 2025 12:24:53 GMT\r\nDate: Fri, 11 Jul 2025 12:24:53 GMT\r\nConnection: close\r\n\r\n"", ""443"": null}"
akamaiedge.net,n3dscb1.akamaiedge.net,23.212.254.12,a23-212-254-12.deploy.static.akamaitechnologies.com,http,http://n3dscb1.akamaiedge.net,400,310,,0c6148997aee08b277a0d60e3f340810516a799ce5b96286bedec0676406f27a,AkamaiGHost,,"80,443","{""80"": ""HTTP/1.0 400 Bad Request\r\nServer: AkamaiGHost\r\nMime-Version: 1.0\r\nContent-Type: text/html\r\nContent-Length: 310\r\nExpires: Fri, 11 Jul 2025 12:24:53 GMT\r\nDate: Fri, 11 Jul 2025 12:24:53 GMT\r\nConnection: close\r\n\r\n"", ""443"": null}"
akamaiedge.net,n6dscg.akamaiedge.net,23.215.4.46,a23-215-4-46.deploy.static.akamaitechnologies.com,http,http://n6dscg.akamaiedge.net,400,310,,6e27c3da3f49b5fed6684d802c1a316a2faf62b87cfc81b591fd9f4e55238a72,AkamaiGHost,,"80,443","{""80"": ""HTTP/1.0 400 Bad Request\r\nServer: AkamaiGHost\r\nMime-Version: 1.0\r\nContent-Type: text/html\r\nContent-Length: 310\r\nExpires: Fri, 11 Jul 2025 12:24:53 GMT\r\nDate: Fri, 11 Jul 2025 12:24:53 GMT\r\nConnection: close\r\n\r\n"", ""443"": null}"
akamaiedge.net,n5dscg.akamaiedge.net,23.212.254.39,a23-212-254-39.deploy.static.akamaitechnologies.com,http,http://n5dscg.akamaiedge.net,400,310,,25c91e699a8036579fde2f2874eb1cea734639d32681227d0187a39e01b7f8c3,AkamaiGHost,,"80,443","{""80"": ""HTTP/1.0 400 Bad Request\r\nServer: AkamaiGHost\r\nMime-Version: 1.0\r\nContent-Type: text/html\r\nContent-Length: 310\r\nExpires: Fri, 11 Jul 2025 12:24:53 GMT\r\nDate: Fri, 11 Jul 2025 12:24:53 GMT\r\nConnection: close\r\n\r\n"", ""443"": null}"
akamaiedge.net,n4p.akamaiedge.net,23.212.254.110,a23-212-254-110.deploy.static.akamaitechnologies.com,http,http://n4p.akamaiedge.net,400,312,,f39901692adc9cf2e9ad66f5926376e62b1a400c9e4b08f7e91c2126a7bbc1fb,AkamaiGHost,,"80,443","{""80"": ""HTTP/1.0 400 Bad Request\r\nServer: AkamaiGHost\r\nMime-Version: 1.0\r\nContent-Type: text/html\r\nContent-Length: 312\r\nExpires: Fri, 11 Jul 2025 12:24:53 GMT\r\nDate: Fri, 11 Jul 2025 12:24:53 GMT\r\nConnection: close\r\n\r\n"", ""443"": null}"
akamaiedge.net,n5dscb1.akamaiedge.net,23.212.254.39,a23-212-254-39.deploy.static.akamaitechnologies.com,http,http://n5dscb1.akamaiedge.net,400,310,,667976b27c34c64b2579588ca9d3074f04fec0345e37164f1b79134ca3d92067,AkamaiGHost,,"80,443","{""80"": ""HTTP/1.0 400 Bad Request\r\nServer: AkamaiGHost\r\nMime-Version: 1.0\r\nContent-Type: text/html\r\nContent-Length: 310\r\nExpires: Fri, 11 Jul 2025 12:24:53 GMT\r\nDate: Fri, 11 Jul 2025 12:24:53 GMT\r\nConnection: close\r\n\r\n"", ""443"": null}"
akamaiedge.net,n7p.akamaiedge.net,23.54.82.172,a23-54-82-172.deploy.static.akamaitechnologies.com,http,http://n7p.akamaiedge.net,400,310,,8f6034096e9e67ed5bdb7a8c98f36e3b9fe92c5ba8e5845ceb4eed9ce5fe29ec,AkamaiGHost,,"80,443","{""80"": ""HTTP/1.0 400 Bad Request\r\nServer: AkamaiGHost\r\nMime-Version: 1.0\r\nContent-Type: text/html\r\nContent-Length: 310\r\nExpires: Fri, 11 Jul 2025 12:24:53 GMT\r\nDate: Fri, 11 Jul 2025 12:24:53 GMT\r\nConnection: close\r\n\r\n"", ""443"": null}"
akamaiedge.net,n7dscb.akamaiedge.net,23.54.82.172,a23-54-82-172.deploy.static.akamaitechnologies.com,http,http://n7dscb.akamaiedge.net,400,310,,68a5871f236e9579a106037cc3732282f5a18c08e18fd33b577bd26ef1063811,AkamaiGHost,,"80,443","{""80"": ""HTTP/1.0 400 Bad Request\r\nServer: AkamaiGHost\r\nMime-Version: 1.0\r\nContent-Type: text/html\r\nContent-Length: 310\r\nExpires: Fri, 11 Jul 2025 12:24:53 GMT\r\nDate: Fri, 11 Jul 2025 12:24:53 GMT\r\nConnection: close\r\n\r\n"", ""443"": null}"
akamaiedge.net,n7dsce2.akamaiedge.net,23.54.82.172,a23-54-82-172.deploy.static.akamaitechnologies.com,http,http://n7dsce2.akamaiedge.net,400,310,,da97fdc26091311fa483663e99967243b6578b9f15e4b9642f5fae12a0d4300f,AkamaiGHost,,"80,443","{""80"": ""HTTP/1.0 400 Bad Request\r\nServer: AkamaiGHost\r\nMime-Version: 1.0\r\nContent-Type: text/html\r\nContent-Length: 310\r\nExpires: Fri, 11 Jul 2025 12:24:53 GMT\r\nDate: Fri, 11 Jul 2025 12:24:53 GMT\r\nConnection: close\r\n\r\n"", ""443"": null}"
akamaiedge.net,n5p.akamaiedge.net,23.212.254.39,a23-212-254-39.deploy.static.akamaitechnologies.com,http,http://n5p.akamaiedge.net,400,310,,626edd752ccc556466ed6c11983cf01eef41fe07e6a51ccaa67174067db41e63,AkamaiGHost,,"80,443","{""80"": ""HTTP/1.0 400 Bad Request\r\nServer: AkamaiGHost\r\nMime-Version: 1.0\r\nContent-Type: text/html\r\nContent-Length: 310\r\nExpires: Fri, 11 Jul 2025 12:24:53 GMT\r\nDate: Fri, 11 Jul 2025 12:24:53 GMT\r\nConnection: close\r\n\r\n"", ""443"": null}"
akamaiedge.net,n4d.akamaiedge.net,23.212.254.110,a23-212-254-110.deploy.static.akamaitechnologies.com,http,http://n4d.akamaiedge.net,400,312,,45f46d68cef885c6688960ea232abf9ed32d044bbf433b6614acc3841c9b3b52,AkamaiGHost,,"80,443","{""80"": ""HTTP/1.0 400 Bad Request\r\nServer: AkamaiGHost\r\nMime-Version: 1.0\r\nContent-Type: text/html\r\nContent-Length: 312\r\nExpires: Fri, 11 Jul 2025 12:24:53 GMT\r\nDate: Fri, 11 Jul 2025 12:24:53 GMT\r\nConnection: close\r\n\r\n"", ""443"": null}"
akamaiedge.net,n5x.akamaiedge.net,23.212.254.39,a23-212-254-39.deploy.static.akamaitechnologies.com,http,http://n5x.akamaiedge.net,400,310,,0df566087b769c289714b738e39cb53dad47c8cfddf7ed32b6843e00c0a444bf,AkamaiGHost,,"80,443","{""80"": ""HTTP/1.0 400 Bad Request\r\nServer: AkamaiGHost\r\nMime-Version: 1.0\r\nContent-Type: text/html\r\nContent-Length: 310\r\nExpires: Fri, 11 Jul 2025 12:24:53 GMT\r\nDate: Fri, 11 Jul 2025 12:24:53 GMT\r\nConnection: close\r\n\r\n"", ""443"": null}"
akamaiedge.net,n4dscb.akamaiedge.net,23.212.254.110,a23-212-254-110.deploy.static.akamaitechnologies.com,http,http://n4dscb.akamaiedge.net,400,312,,20c367fc381dc36b7b53d852c77adbdce697907b5222b5cd19840517621da826,AkamaiGHost,,"80,443","{""80"": ""HTTP/1.0 400 Bad Request\r\nServer: AkamaiGHost\r\nMime-Version: 1.0\r\nContent-Type: text/html\r\nContent-Length: 312\r\nExpires: Fri, 11 Jul 2025 12:24:54 GMT\r\nDate: Fri, 11 Jul 2025 12:24:54 GMT\r\nConnection: close\r\n\r\n"", ""443"": null}"
akamaiedge.net,n4dscx.akamaiedge.net,23.212.254.110,a23-212-254-110.deploy.static.akamaitechnologies.com,http,http://n4dscx.akamaiedge.net,400,312,,df0938f739f5040ef355b0e092a9eab94426df79d632e9a764c032eb9b8a47e0,AkamaiGHost,,"80,443","{""80"": ""HTTP/1.0 400 Bad Request\r\nServer: AkamaiGHost\r\nMime-Version: 1.0\r\nContent-Type: text/html\r\nContent-Length: 312\r\nExpires: Fri, 11 Jul 2025 12:24:54 GMT\r\nDate: Fri, 11 Jul 2025 12:24:54 GMT\r\nConnection: close\r\n\r\n"", ""443"": null}"
akamaiedge.net,n4ksd.akamaiedge.net,23.212.254.110,a23-212-254-110.deploy.static.akamaitechnologies.com,http,http://n4ksd.akamaiedge.net,400,312,,e41cafb5a2616106d91bd327b7a88ff06e33f13af2547620705e3be8b8543a4e,AkamaiGHost,,"80,443","{""80"": ""HTTP/1.0 400 Bad Request\r\nServer: AkamaiGHost\r\nMime-Version: 1.0\r\nContent-Type: text/html\r\nContent-Length: 312\r\nExpires: Fri, 11 Jul 2025 12:24:54 GMT\r\nDate: Fri, 11 Jul 2025 12:24:54 GMT\r\nConnection: close\r\n\r\n"", ""443"": null}"
akamaiedge.net,n6dscx.akamaiedge.net,23.215.4.46,a23-215-4-46.deploy.static.akamaitechnologies.com,http,http://n6dscx.akamaiedge.net,400,310,,e3e2d30a7abf39393c603a875b6f8e7fe774a711b5bef7ade7e5c7e6879fd20b,AkamaiGHost,,"80,443","{""80"": ""HTTP/1.0 400 Bad Request\r\nServer: AkamaiGHost\r\nMime-Version: 1.0\r\nContent-Type: text/html\r\nContent-Length: 310\r\nExpires: Fri, 11 Jul 2025 12:24:54 GMT\r\nDate: Fri, 11 Jul 2025 12:24:54 GMT\r\nConnection: close\r\n\r\n"", ""443"": null}"
akamaiedge.net,n7dscg.akamaiedge.net,23.54.82.172,a23-54-82-172.deploy.static.akamaitechnologies.com,http,http://n7dscg.akamaiedge.net,400,310,,2cbc9867d411f170ce4381220b2ec63b5eb21abc25a5d4a3007c0eff34b9e439,AkamaiGHost,,"80,443","{""80"": ""HTTP/1.0 400 Bad Request\r\nServer: AkamaiGHost\r\nMime-Version: 1.0\r\nContent-Type: text/html\r\nContent-Length: 310\r\nExpires: Fri, 11 Jul 2025 12:24:54 GMT\r\nDate: Fri, 11 Jul 2025 12:24:54 GMT\r\nConnection: close\r\n\r\n"", ""443"": null}"
akamaiedge.net,n5dspg.akamaiedge.net,23.212.254.39,a23-212-254-39.deploy.static.akamaitechnologies.com,http,http://n5dspg.akamaiedge.net,400,310,,09aa13bd41ed2245e9c03c72e619df9e000b407c4ccc523df418137fc7e613be,AkamaiGHost,,"80,443","{""80"": ""HTTP/1.0 400 Bad Request\r\nServer: AkamaiGHost\r\nMime-Version: 1.0\r\nContent-Type: text/html\r\nContent-Length: 310\r\nExpires: Fri, 11 Jul 2025 12:24:54 GMT\r\nDate: Fri, 11 Jul 2025 12:24:54 GMT\r\nConnection: close\r\n\r\n"", ""443"": null}"
akamaiedge.net,n4dscg.akamaiedge.net,23.212.254.110,a23-212-254-110.deploy.static.akamaitechnologies.com,http,http://n4dscg.akamaiedge.net,400,312,,04bc401ed462359ae242026df6524b293e4f77781058cc3f84fa1af054f19a19,AkamaiGHost,,"80,443","{""80"": ""HTTP/1.0 400 Bad Request\r\nServer: AkamaiGHost\r\nMime-Version: 1.0\r\nContent-Type: text/html\r\nContent-Length: 312\r\nExpires: Fri, 11 Jul 2025 12:24:54 GMT\r\nDate: Fri, 11 Jul 2025 12:24:54 GMT\r\nConnection: close\r\n\r\n"", ""443"": null}"
akamaiedge.net,n7d.akamaiedge.net,23.54.82.172,a23-54-82-172.deploy.static.akamaitechnologies.com,http,http://n7d.akamaiedge.net,400,310,,6319a56d3f0704a262ac26a8ccc0f902cba67e2816586085927e4c439352e833,AkamaiGHost,,"80,443","{""80"": ""HTTP/1.0 400 Bad Request\r\nServer: AkamaiGHost\r\nMime-Version: 1.0\r\nContent-Type: text/html\r\nContent-Length: 310\r\nExpires: Fri, 11 Jul 2025 12:24:54 GMT\r\nDate: Fri, 11 Jul 2025 12:24:54 GMT\r\nConnection: close\r\n\r\n"", ""443"": null}"
akamaiedge.net,n6dsca.akamaiedge.net,23.215.4.46,a23-215-4-46.deploy.static.akamaitechnologies.com,http,http://n6dsca.akamaiedge.net,400,310,,04950ff76b98933a9bc74f991a3be6c5dcdf868aad46dec2f7f92bdbee785da8,AkamaiGHost,,"80,443","{""80"": ""HTTP/1.0 400 Bad Request\r\nServer: AkamaiGHost\r\nMime-Version: 1.0\r\nContent-Type: text/html\r\nContent-Length: 310\r\nExpires: Fri, 11 Jul 2025 12:24:54 GMT\r\nDate: Fri, 11 Jul 2025 12:24:54 GMT\r\nConnection: close\r\n\r\n"", ""443"": null}"
akamaiedge.net,n5ksd.akamaiedge.net,23.212.254.39,a23-212-254-39.deploy.static.akamaitechnologies.com,http,http://n5ksd.akamaiedge.net,400,310,,b83e92c4a058b9a2b831f5597fba2cb9d09a0032828f818b4086a467d9cb41be,AkamaiGHost,,"80,443","{""80"": ""HTTP/1.0 400 Bad Request\r\nServer: AkamaiGHost\r\nMime-Version: 1.0\r\nContent-Type: text/html\r\nContent-Length: 310\r\nExpires: Fri, 11 Jul 2025 12:24:54 GMT\r\nDate: Fri, 11 Jul 2025 12:24:54 GMT\r\nConnection: close\r\n\r\n"", ""443"": null}"
akamaiedge.net,n5dscd.akamaiedge.net,23.212.254.39,a23-212-254-39.deploy.static.akamaitechnologies.com,http,http://n5dscd.akamaiedge.net,400,310,,a27039d1b5a9d0c11b5ed39f530399cd93079ee5923e27f3a4121a5a3b15c02d,AkamaiGHost,,"80,443","{""80"": ""HTTP/1.0 400 Bad Request\r\nServer: AkamaiGHost\r\nMime-Version: 1.0\r\nContent-Type: text/html\r\nContent-Length: 310\r\nExpires: Fri, 11 Jul 2025 12:24:54 GMT\r\nDate: Fri, 11 Jul 2025 12:24:54 GMT\r\nConnection: close\r\n\r\n"", ""443"": null}"
akamaiedge.net,n4e9.akamaiedge.net,23.212.254.110,a23-212-254-110.deploy.static.akamaitechnologies.com,http,http://n4e9.akamaiedge.net,400,312,,32b66709bfcebbf0629fc83d931d656cd8f081a03fe83d14f4eb69e387e52a1a,AkamaiGHost,,"80,443","{""80"": ""HTTP/1.0 400 Bad Request\r\nServer: AkamaiGHost\r\nMime-Version: 1.0\r\nContent-Type: text/html\r\nContent-Length: 312\r\nExpires: Fri, 11 Jul 2025 12:24:54 GMT\r\nDate: Fri, 11 Jul 2025 12:24:54 GMT\r\nConnection: close\r\n\r\n"", ""443"": null}"
akamaiedge.net,n2c.akamaiedge.net,23.212.254.238,a23-212-254-238.deploy.static.akamaitechnologies.com,http,http://n2c.akamaiedge.net,400,310,,5dceb9b4cd1312d0e0e5cd2306e7865b52f954282da82197d1f2f19787c4608d,AkamaiGHost,,"80,443","{""80"": ""HTTP/1.0 400 Bad Request\r\nServer: AkamaiGHost\r\nMime-Version: 1.0\r\nContent-Type: text/html\r\nContent-Length: 310\r\nExpires: Fri, 11 Jul 2025 12:24:57 GMT\r\nDate: Fri, 11 Jul 2025 12:24:57 GMT\r\nConnection: close\r\n\r\n"", ""443"": null}"
akamaiedge.net,n7dscd.akamaiedge.net,23.54.82.172,a23-54-82-172.deploy.static.akamaitechnologies.com,http,http://n7dscd.akamaiedge.net,400,310,,5fd60c6a0cc6fb37ff2ff3f368e806117cce02b1c68dac9a12e5840c2256eb9e,AkamaiGHost,,"80,443","{""80"": ""HTTP/1.0 400 Bad Request\r\nServer: AkamaiGHost\r\nMime-Version: 1.0\r\nContent-Type: text/html\r\nContent-Length: 310\r\nExpires: Fri, 11 Jul 2025 12:24:58 GMT\r\nDate: Fri, 11 Jul 2025 12:24:58 GMT\r\nConnection: close\r\n\r\n"", ""443"": null}"
akamaiedge.net,n7dscx.akamaiedge.net,23.54.82.172,a23-54-82-172.deploy.static.akamaitechnologies.com,http,http://n7dscx.akamaiedge.net,400,310,,4e0c1e8afdb799d66d02e7acdc029a0af2fa88480329c9d4a70ff575f4f71e20,AkamaiGHost,,"80,443","{""80"": ""HTTP/1.0 400 Bad Request\r\nServer: AkamaiGHost\r\nMime-Version: 1.0\r\nContent-Type: text/html\r\nContent-Length: 310\r\nExpires: Fri, 11 Jul 2025 12:24:58 GMT\r\nDate: Fri, 11 Jul 2025 12:24:58 GMT\r\nConnection: close\r\n\r\n"", ""443"": null}"
akamaiedge.net,n7dspg.akamaiedge.net,23.54.82.172,a23-54-82-172.deploy.static.akamaitechnologies.com,http,http://n7dspg.akamaiedge.net,400,310,,48fc9b48863a94a9d35f2b12c642a16fe458180eab4c48f81273cee7dcc22b7f,AkamaiGHost,,"80,443","{""80"": ""HTTP/1.0 400 Bad Request\r\nServer: AkamaiGHost\r\nMime-Version: 1.0\r\nContent-Type: text/html\r\nContent-Length: 310\r\nExpires: Fri, 11 Jul 2025 12:24:58 GMT\r\nDate: Fri, 11 Jul 2025 12:24:58 GMT\r\nConnection: close\r\n\r\n"", ""443"": null}"
akamaiedge.net,n7c.akamaiedge.net,23.54.82.172,a23-54-82-172.deploy.static.akamaitechnologies.com,http,http://n7c.akamaiedge.net,400,310,,2277c80b282a65a4890c6ecbb00cccbaca3f7be50b38c4417df8755170d3850d,AkamaiGHost,,"80,443","{""80"": ""HTTP/1.0 400 Bad Request\r\nServer: AkamaiGHost\r\nMime-Version: 1.0\r\nContent-Type: text/html\r\nContent-Length: 310\r\nExpires: Fri, 11 Jul 2025 12:24:58 GMT\r\nDate: Fri, 11 Jul 2025 12:24:58 GMT\r\nConnection: close\r\n\r\n"", ""443"": null}"
akamaiedge.net,n7ksd.akamaiedge.net,23.54.82.172,a23-54-82-172.deploy.static.akamaitechnologies.com,http,http://n7ksd.akamaiedge.net,400,310,,95fc9f04ad8d4f838081ea904006c2f265d6ddd6f76134019a6ebb8f484d96c2,AkamaiGHost,,"80,443","{""80"": ""HTTP/1.0 400 Bad Request\r\nServer: AkamaiGHost\r\nMime-Version: 1.0\r\nContent-Type: text/html\r\nContent-Length: 310\r\nExpires: Fri, 11 Jul 2025 12:24:58 GMT\r\nDate: Fri, 11 Jul 2025 12:24:58 GMT\r\nConnection: close\r\n\r\n"", ""443"": null}"
akamaiedge.net,n7dscb1.akamaiedge.net,23.54.82.172,a23-54-82-172.deploy.static.akamaitechnologies.com,http,http://n7dscb1.akamaiedge.net,400,310,,030b57c4f5ca142cd5bb8cde192347327e050512e6b393de1398230b1c9d522f,AkamaiGHost,,"80,443","{""80"": ""HTTP/1.0 400 Bad Request\r\nServer: AkamaiGHost\r\nMime-Version: 1.0\r\nContent-Type: text/html\r\nContent-Length: 310\r\nExpires: Fri, 11 Jul 2025 12:24:58 GMT\r\nDate: Fri, 11 Jul 2025 12:24:58 GMT\r\nConnection: close\r\n\r\n"", ""443"": null}"
akamaiedge.net,n7dsce9.akamaiedge.net,23.54.82.172,a23-54-82-172.deploy.static.akamaitechnologies.com,http,http://n7dsce9.akamaiedge.net,400,310,,b63309f5be1a5b7490e147df6441f82a2c9207b98c6f09e6c6cc7aa9eef78a6c,AkamaiGHost,,"80,443","{""80"": ""HTTP/1.0 400 Bad Request\r\nServer: AkamaiGHost\r\nMime-Version: 1.0\r\nContent-Type: text/html\r\nContent-Length: 310\r\nExpires: Fri, 11 Jul 2025 12:24:58 GMT\r\nDate: Fri, 11 Jul 2025 12:24:58 GMT\r\nConnection: close\r\n\r\n"", ""443"": null}"
akamaiedge.net,n2dscd.akamaiedge.net,23.212.254.238,a23-212-254-238.deploy.static.akamaitechnologies.com,http,http://n2dscd.akamaiedge.net,400,310,,8ae08c4f7376525313efca3146762f8dac9b6833eadcd29bd9a30be2d036a7f7,AkamaiGHost,,"80,443","{""80"": ""HTTP/1.0 400 Bad Request\r\nServer: AkamaiGHost\r\nMime-Version: 1.0\r\nContent-Type: text/html\r\nContent-Length: 310\r\nExpires: Fri, 11 Jul 2025 12:24:58 GMT\r\nDate: Fri, 11 Jul 2025 12:24:58 GMT\r\nConnection: close\r\n\r\n"", ""443"": null}"
akamaiedge.net,n7g.akamaiedge.net,23.54.82.172,a23-54-82-172.deploy.static.akamaitechnologies.com,http,http://n7g.akamaiedge.net,400,310,,f660ca047c99ef9b34a989f528e87215f891bcae6d9a73e99172711fab4b679a,AkamaiGHost,,"80,443","{""80"": ""HTTP/1.0 400 Bad Request\r\nServer: AkamaiGHost\r\nMime-Version: 1.0\r\nContent-Type: text/html\r\nContent-Length: 310\r\nExpires: Fri, 11 Jul 2025 12:24:58 GMT\r\nDate: Fri, 11 Jul 2025 12:24:58 GMT\r\nConnection: close\r\n\r\n"", ""443"": null}"
akamaiedge.net,n7x.akamaiedge.net,23.54.82.172,a23-54-82-172.deploy.static.akamaitechnologies.com,http,http://n7x.akamaiedge.net,400,310,,7cc035b2379ef0b5cd8666ba3af98b4e8dbf87b5b2dc07c8e7784e1cb8b299e4,AkamaiGHost,,"80,443","{""80"": ""HTTP/1.0 400 Bad Request\r\nServer: AkamaiGHost\r\nMime-Version: 1.0\r\nContent-Type: text/html\r\nContent-Length: 310\r\nExpires: Fri, 11 Jul 2025 12:24:58 GMT\r\nDate: Fri, 11 Jul 2025 12:24:58 GMT\r\nConnection: close\r\n\r\n"", ""443"": null}"
akamaiedge.net,n7dspb.akamaiedge.net,23.54.82.172,a23-54-82-172.deploy.static.akamaitechnologies.com,http,http://n7dspb.akamaiedge.net,400,310,,81b7b20239e2f93de28c13aa03d4ffe5abe83ca065d05e13ee2935caec17e3a6,AkamaiGHost,,"80,443","{""80"": ""HTTP/1.0 400 Bad Request\r\nServer: AkamaiGHost\r\nMime-Version: 1.0\r\nContent-Type: text/html\r\nContent-Length: 310\r\nExpires: Fri, 11 Jul 2025 12:24:58 GMT\r\nDate: Fri, 11 Jul 2025 12:24:58 GMT\r\nConnection: close\r\n\r\n"", ""443"": null}"
akamaiedge.net,n7e9.akamaiedge.net,23.54.82.172,a23-54-82-172.deploy.static.akamaitechnologies.com,http,http://n7e9.akamaiedge.net,400,310,,43716a49f90b4a1d70c415da96e0f825b208e266a84474d3c5807a094710f02b,AkamaiGHost,,"80,443","{""80"": ""HTTP/1.0 400 Bad Request\r\nServer: AkamaiGHost\r\nMime-Version: 1.0\r\nContent-Type: text/html\r\nContent-Length: 310\r\nExpires: Fri, 11 Jul 2025 12:24:58 GMT\r\nDate: Fri, 11 Jul 2025 12:24:58 GMT\r\nConnection: close\r\n\r\n"", ""443"": null}"
akamaiedge.net,n6p.akamaiedge.net,23.215.4.46,a23-215-4-46.deploy.static.akamaitechnologies.com,http,http://n6p.akamaiedge.net,400,310,,10bce079bf6aea5a5d95889c3b0b0ef619110f5ba46a6b4b0eb9da0176772d3b,AkamaiGHost,,"80,443","{""80"": ""HTTP/1.0 400 Bad Request\r\nServer: AkamaiGHost\r\nMime-Version: 1.0\r\nContent-Type: text/html\r\nContent-Length: 310\r\nExpires: Fri, 11 Jul 2025 12:24:53 GMT\r\nDate: Fri, 11 Jul 2025 12:24:53 GMT\r\nConnection: close\r\n\r\n"", ""443"": null}"
akamaiedge.net,n5dscx.akamaiedge.net,23.212.254.39,a23-212-254-39.deploy.static.akamaitechnologies.com,http,http://n5dscx.akamaiedge.net,400,310,,6d5c793978a0e8d0e38d36e1f5d73a2a3a6ae4c657be6f5a041b61d65cba3552,AkamaiGHost,,"80,443","{""80"": ""HTTP/1.0 400 Bad Request\r\nServer: AkamaiGHost\r\nMime-Version: 1.0\r\nContent-Type: text/html\r\nContent-Length: 310\r\nExpires: Fri, 11 Jul 2025 12:24:53 GMT\r\nDate: Fri, 11 Jul 2025 12:24:53 GMT\r\nConnection: close\r\n\r\n"", ""443"": null}"
akamaiedge.net,n6ksd.akamaiedge.net,23.215.4.46,a23-215-4-46.deploy.static.akamaitechnologies.com,http,http://n6ksd.akamaiedge.net,400,310,,a19116bd7b79d31883dbe246b1f248252b36ede3346c7189507cbe30aa7cedf0,AkamaiGHost,,"80,443","{""80"": ""HTTP/1.0 400 Bad Request\r\nServer: AkamaiGHost\r\nMime-Version: 1.0\r\nContent-Type: text/html\r\nContent-Length: 310\r\nExpires: Fri, 11 Jul 2025 12:24:53 GMT\r\nDate: Fri, 11 Jul 2025 12:24:53 GMT\r\nConnection: close\r\n\r\n"", ""443"": null}"
akamaiedge.net,n6c.akamaiedge.net,23.215.4.46,a23-215-4-46.deploy.static.akamaitechnologies.com,http,http://n6c.akamaiedge.net,400,310,,caacd6d860475e71f37c6385da9f6d7aeb53dcf044f6cd1e4863b521bf87fe35,AkamaiGHost,,"80,443","{""80"": ""HTTP/1.0 400 Bad Request\r\nServer: AkamaiGHost\r\nMime-Version: 1.0\r\nContent-Type: text/html\r\nContent-Length: 310\r\nExpires: Fri, 11 Jul 2025 12:24:53 GMT\r\nDate: Fri, 11 Jul 2025 12:24:53 GMT\r\nConnection: close\r\n\r\n"", ""443"": null}"
akamaiedge.net,n6dscd.akamaiedge.net,23.215.4.46,a23-215-4-46.deploy.static.akamaitechnologies.com,http,http://n6dscd.akamaiedge.net,400,310,,3460fd28144a4532fc671328fb47a224c6a71f6345769183072eac8897995055,AkamaiGHost,,"80,443","{""80"": ""HTTP/1.0 400 Bad Request\r\nServer: AkamaiGHost\r\nMime-Version: 1.0\r\nContent-Type: text/html\r\nContent-Length: 310\r\nExpires: Fri, 11 Jul 2025 12:24:53 GMT\r\nDate: Fri, 11 Jul 2025 12:24:53 GMT\r\nConnection: close\r\n\r\n"", ""443"": null}"
akamaiedge.net,n6dscb.akamaiedge.net,23.215.4.46,a23-215-4-46.deploy.static.akamaitechnologies.com,http,http://n6dscb.akamaiedge.net,400,310,,1bb094aeabda3344684a5c462e8a8e3dacae4d6a7267de35396b9144c3414d78,AkamaiGHost,,"80,443","{""80"": ""HTTP/1.0 400 Bad Request\r\nServer: AkamaiGHost\r\nMime-Version: 1.0\r\nContent-Type: text/html\r\nContent-Length: 310\r\nExpires: Fri, 11 Jul 2025 12:24:53 GMT\r\nDate: Fri, 11 Jul 2025 12:24:53 GMT\r\nConnection: close\r\n\r\n"", ""443"": null}"
akamaiedge.net,n6dspg.akamaiedge.net,23.215.4.46,a23-215-4-46.deploy.static.akamaitechnologies.com,http,http://n6dspg.akamaiedge.net,400,310,,52f8518984735a566255a0e73c85ccccaabb96697f2fda80e0dc2db48798b707,AkamaiGHost,,"80,443","{""80"": ""HTTP/1.0 400 Bad Request\r\nServer: AkamaiGHost\r\nMime-Version: 1.0\r\nContent-Type: text/html\r\nContent-Length: 310\r\nExpires: Fri, 11 Jul 2025 12:24:53 GMT\r\nDate: Fri, 11 Jul 2025 12:24:53 GMT\r\nConnection: close\r\n\r\n"", ""443"": null}"
akamaiedge.net,n4c.akamaiedge.net,23.212.254.110,a23-212-254-110.deploy.static.akamaitechnologies.com,http,http://n4c.akamaiedge.net,400,312,,7b5aca6eac696af388f8fc81412b57beb9c68c40f2c347e87ba9d3dbfabd8ecf,AkamaiGHost,,"80,443","{""80"": ""HTTP/1.0 400 Bad Request\r\nServer: AkamaiGHost\r\nMime-Version: 1.0\r\nContent-Type: text/html\r\nContent-Length: 312\r\nExpires: Fri, 11 Jul 2025 12:24:54 GMT\r\nDate: Fri, 11 Jul 2025 12:24:54 GMT\r\nConnection: close\r\n\r\n"", ""443"": null}"
akamaiedge.net,n4g.akamaiedge.net,23.212.254.110,a23-212-254-110.deploy.static.akamaitechnologies.com,http,http://n4g.akamaiedge.net,400,312,,701b1956289faba1367184b149b9de224b34a256a26db47b95968e8afed206a0,AkamaiGHost,,"80,443","{""80"": ""HTTP/1.0 400 Bad Request\r\nServer: AkamaiGHost\r\nMime-Version: 1.0\r\nContent-Type: text/html\r\nContent-Length: 312\r\nExpires: Fri, 11 Jul 2025 12:24:54 GMT\r\nDate: Fri, 11 Jul 2025 12:24:54 GMT\r\nConnection: close\r\n\r\n"", ""443"": null}"
akamaiedge.net,n6x.akamaiedge.net,23.215.4.46,a23-215-4-46.deploy.static.akamaitechnologies.com,http,http://n6x.akamaiedge.net,400,310,,0dac61278fcbeaba455b8a488f16a8cc4b5f8e2a825649b0c0d4cbc19fd9dd15,AkamaiGHost,,"80,443","{""80"": ""HTTP/1.0 400 Bad Request\r\nServer: AkamaiGHost\r\nMime-Version: 1.0\r\nContent-Type: text/html\r\nContent-Length: 310\r\nExpires: Fri, 11 Jul 2025 12:24:54 GMT\r\nDate: Fri, 11 Jul 2025 12:24:54 GMT\r\nConnection: close\r\n\r\n"", ""443"": null}"
akamaiedge.net,n6dsce9.akamaiedge.net,23.215.4.46,a23-215-4-46.deploy.static.akamaitechnologies.com,http,http://n6dsce9.akamaiedge.net,400,310,,c87ec35db93ae02acd77489dea3e133dfc139604eb2edcae866dfdd5fc9d8cb6,AkamaiGHost,,"80,443","{""80"": ""HTTP/1.0 400 Bad Request\r\nServer: AkamaiGHost\r\nMime-Version: 1.0\r\nContent-Type: text/html\r\nContent-Length: 310\r\nExpires: Fri, 11 Jul 2025 12:24:54 GMT\r\nDate: Fri, 11 Jul 2025 12:24:54 GMT\r\nConnection: close\r\n\r\n"", ""443"": null}"
akamaiedge.net,n6g.akamaiedge.net,23.215.4.46,a23-215-4-46.deploy.static.akamaitechnologies.com,http,http://n6g.akamaiedge.net,400,310,,9f216dc72f767ea732eca42c4883a1135df060030778581b40d223358edc5a12,AkamaiGHost,,"80,443","{""80"": ""HTTP/1.0 400 Bad Request\r\nServer: AkamaiGHost\r\nMime-Version: 1.0\r\nContent-Type: text/html\r\nContent-Length: 310\r\nExpires: Fri, 11 Jul 2025 12:24:54 GMT\r\nDate: Fri, 11 Jul 2025 12:24:54 GMT\r\nConnection: close\r\n\r\n"", ""443"": null}"
akamaiedge.net,n6dsce2.akamaiedge.net,23.215.4.46,a23-215-4-46.deploy.static.akamaitechnologies.com,http,http://n6dsce2.akamaiedge.net,400,310,,6f0d39d3ed66991ca0eecd4161dcd4bb31476f8f5aa7b8dd7d4f96eac7ddddd1,AkamaiGHost,,"80,443","{""80"": ""HTTP/1.0 400 Bad Request\r\nServer: AkamaiGHost\r\nMime-Version: 1.0\r\nContent-Type: text/html\r\nContent-Length: 310\r\nExpires: Fri, 11 Jul 2025 12:24:54 GMT\r\nDate: Fri, 11 Jul 2025 12:24:54 GMT\r\nConnection: close\r\n\r\n"", ""443"": null}"
akamaiedge.net,n6e9.akamaiedge.net,23.215.4.46,a23-215-4-46.deploy.static.akamaitechnologies.com,http,http://n6e9.akamaiedge.net,400,310,,0ea5325edd72423a178da3566bc99e6eae893e9ddf089d3e8a9cb5e97470a413,AkamaiGHost,,"80,443","{""80"": ""HTTP/1.0 400 Bad Request\r\nServer: AkamaiGHost\r\nMime-Version: 1.0\r\nContent-Type: text/html\r\nContent-Length: 310\r\nExpires: Fri, 11 Jul 2025 12:24:54 GMT\r\nDate: Fri, 11 Jul 2025 12:24:54 GMT\r\nConnection: close\r\n\r\n"", ""443"": null}"
akamaiedge.net,n6dscb1.akamaiedge.net,23.215.4.46,a23-215-4-46.deploy.static.akamaitechnologies.com,http,http://n6dscb1.akamaiedge.net,400,310,,e0a5b009ed17e04404f2cdeed146d4dd5d0c285828bc1c5ae74e6d85b3291f40,AkamaiGHost,,"80,443","{""80"": ""HTTP/1.0 400 Bad Request\r\nServer: AkamaiGHost\r\nMime-Version: 1.0\r\nContent-Type: text/html\r\nContent-Length: 310\r\nExpires: Fri, 11 Jul 2025 12:24:54 GMT\r\nDate: Fri, 11 Jul 2025 12:24:54 GMT\r\nConnection: close\r\n\r\n"", ""443"": null}"
akamaiedge.net,n6dsce12.akamaiedge.net,23.215.4.46,a23-215-4-46.deploy.static.akamaitechnologies.com,http,http://n6dsce12.akamaiedge.net,400,310,,9c5b7f3c1b2dca27fd662f8b1f1cb63b188541ec1d82215bab43ed4fac80d6d4,AkamaiGHost,,"80,443","{""80"": ""HTTP/1.0 400 Bad Request\r\nServer: AkamaiGHost\r\nMime-Version: 1.0\r\nContent-Type: text/html\r\nContent-Length: 310\r\nExpires: Fri, 11 Jul 2025 12:24:54 GMT\r\nDate: Fri, 11 Jul 2025 12:24:54 GMT\r\nConnection: close\r\n\r\n"", ""443"": null}"
akamaiedge.net,n4dspg.akamaiedge.net,23.212.254.110,a23-212-254-110.deploy.static.akamaitechnologies.com,http,http://n4dspg.akamaiedge.net,400,312,,b9830d407689b93d2bf050df06ef39cb51adae70b0cfda29792e3f203251bb84,AkamaiGHost,,"80,443","{""80"": ""HTTP/1.0 400 Bad Request\r\nServer: AkamaiGHost\r\nMime-Version: 1.0\r\nContent-Type: text/html\r\nContent-Length: 312\r\nExpires: Fri, 11 Jul 2025 12:24:54 GMT\r\nDate: Fri, 11 Jul 2025 12:24:54 GMT\r\nConnection: close\r\n\r\n"", ""443"": null}"
akamaiedge.net,n6dspb.akamaiedge.net,23.215.4.46,a23-215-4-46.deploy.static.akamaitechnologies.com,http,http://n6dspb.akamaiedge.net,400,310,,c8c4de1dab9ff52b33172e70c93f246db6a441b61283333bccc8da40f45de9ad,AkamaiGHost,,"80,443","{""80"": ""HTTP/1.0 400 Bad Request\r\nServer: AkamaiGHost\r\nMime-Version: 1.0\r\nContent-Type: text/html\r\nContent-Length: 310\r\nExpires: Fri, 11 Jul 2025 12:24:54 GMT\r\nDate: Fri, 11 Jul 2025 12:24:54 GMT\r\nConnection: close\r\n\r\n"", ""443"": null}"
akamaiedge.net,n2dscb1.akamaiedge.net,23.212.254.238,a23-212-254-238.deploy.static.akamaitechnologies.com,http,http://n2dscb1.akamaiedge.net,400,310,,834079e415ec2d0c41bee2cda196ca818fb00b86def039116669ed2707082fcb,AkamaiGHost,,"80,443","{""80"": ""HTTP/1.0 400 Bad Request\r\nServer: AkamaiGHost\r\nMime-Version: 1.0\r\nContent-Type: text/html\r\nContent-Length: 310\r\nExpires: Fri, 11 Jul 2025 12:24:58 GMT\r\nDate: Fri, 11 Jul 2025 12:24:58 GMT\r\nConnection: close\r\n\r\n"", ""443"": null}"
akamaiedge.net,n2dscg.akamaiedge.net,23.212.254.238,a23-212-254-238.deploy.static.akamaitechnologies.com,http,http://n2dscg.akamaiedge.net,400,310,,4338bb4a90750469035ef3c9be219bc1ad1b89af829677c16d65be25a9d213e6,AkamaiGHost,,"80,443","{""80"": ""HTTP/1.0 400 Bad Request\r\nServer: AkamaiGHost\r\nMime-Version: 1.0\r\nContent-Type: text/html\r\nContent-Length: 310\r\nExpires: Fri, 11 Jul 2025 12:24:58 GMT\r\nDate: Fri, 11 Jul 2025 12:24:58 GMT\r\nConnection: close\r\n\r\n"", ""443"": null}"
akamaiedge.net,n2e9.akamaiedge.net,23.212.254.238,a23-212-254-238.deploy.static.akamaitechnologies.com,http,http://n2e9.akamaiedge.net,400,310,,eaf4532c63905b28c195c67ab6a2c0f7b7503c25b7e5324e3ebac7ef03f00dfb,AkamaiGHost,,"80,443","{""80"": ""HTTP/1.0 400 Bad Request\r\nServer: AkamaiGHost\r\nMime-Version: 1.0\r\nContent-Type: text/html\r\nContent-Length: 310\r\nExpires: Fri, 11 Jul 2025 12:24:58 GMT\r\nDate: Fri, 11 Jul 2025 12:24:58 GMT\r\nConnection: close\r\n\r\n"", ""443"": null}"
akamaiedge.net,n1dscb1.akamaiedge.net,23.212.254.78,a23-212-254-78.deploy.static.akamaitechnologies.com,http,http://n1dscb1.akamaiedge.net,400,312,,0cdc3b1d2106e87769f8c545c889f3ef9a269b3da8dd3c946b79011bac880a1a,AkamaiGHost,,"80,443","{""80"": ""HTTP/1.0 400 Bad Request\r\nServer: AkamaiGHost\r\nMime-Version: 1.0\r\nContent-Type: text/html\r\nContent-Length: 312\r\nExpires: Fri, 11 Jul 2025 12:24:53 GMT\r\nDate: Fri, 11 Jul 2025 12:24:53 GMT\r\nConnection: close\r\n\r\n"", ""443"": null}"
akamaiedge.net,n1p.akamaiedge.net,23.212.254.78,a23-212-254-78.deploy.static.akamaitechnologies.com,http,http://n1p.akamaiedge.net,400,312,,c6523052c7a9b1b9fa3e81a81eca1b93046f14a55c8854d1d38734185bb06036,AkamaiGHost,,"80,443","{""80"": ""HTTP/1.0 400 Bad Request\r\nServer: AkamaiGHost\r\nMime-Version: 1.0\r\nContent-Type: text/html\r\nContent-Length: 312\r\nExpires: Fri, 11 Jul 2025 12:24:53 GMT\r\nDate: Fri, 11 Jul 2025 12:24:53 GMT\r\nConnection: close\r\n\r\n"", ""443"": null}"
akamaiedge.net,n1d.akamaiedge.net,23.212.254.78,a23-212-254-78.deploy.static.akamaitechnologies.com,http,http://n1d.akamaiedge.net,400,312,,b231b9ff4d42b9466dfa7def76c4d759a1cf56f07cc08c29503df6fcb45ebe8d,AkamaiGHost,,"80,443","{""80"": ""HTTP/1.0 400 Bad Request\r\nServer: AkamaiGHost\r\nMime-Version: 1.0\r\nContent-Type: text/html\r\nContent-Length: 312\r\nExpires: Fri, 11 Jul 2025 12:24:53 GMT\r\nDate: Fri, 11 Jul 2025 12:24:53 GMT\r\nConnection: close\r\n\r\n"", ""443"": null}"
akamaiedge.net,n5d.akamaiedge.net,23.212.254.39,a23-212-254-39.deploy.static.akamaitechnologies.com,http,http://n5d.akamaiedge.net,400,310,,a5a73d799e9c758aabce909bdabd759e0493f33131f7cac35ba1d000e756a223,AkamaiGHost,,"80,443","{""80"": ""HTTP/1.0 400 Bad Request\r\nServer: AkamaiGHost\r\nMime-Version: 1.0\r\nContent-Type: text/html\r\nContent-Length: 310\r\nExpires: Fri, 11 Jul 2025 12:24:53 GMT\r\nDate: Fri, 11 Jul 2025 12:24:53 GMT\r\nConnection: close\r\n\r\n"", ""443"": null}"
akamaiedge.net,n4dsca.akamaiedge.net,23.212.254.110,a23-212-254-110.deploy.static.akamaitechnologies.com,http,http://n4dsca.akamaiedge.net,400,312,,cec7b124f169470ba4d699d8b278319d2ce3a092b12ad3ad2394fc2670774412,AkamaiGHost,,"80,443","{""80"": ""HTTP/1.0 400 Bad Request\r\nServer: AkamaiGHost\r\nMime-Version: 1.0\r\nContent-Type: text/html\r\nContent-Length: 312\r\nExpires: Fri, 11 Jul 2025 12:24:53 GMT\r\nDate: Fri, 11 Jul 2025 12:24:53 GMT\r\nConnection: close\r\n\r\n"", ""443"": null}"
akamaiedge.net,n3g.akamaiedge.net,23.212.254.12,a23-212-254-12.deploy.static.akamaitechnologies.com,http,http://n3g.akamaiedge.net,400,310,,cd221c29937dbe04f2523655a2ac91595b1be55dff4ab3466d7093ef61edc06e,AkamaiGHost,,"80,443","{""80"": ""HTTP/1.0 400 Bad Request\r\nServer: AkamaiGHost\r\nMime-Version: 1.0\r\nContent-Type: text/html\r\nContent-Length: 310\r\nExpires: Fri, 11 Jul 2025 12:24:53 GMT\r\nDate: Fri, 11 Jul 2025 12:24:53 GMT\r\nConnection: close\r\n\r\n"", ""443"": null}"
akamaiedge.net,n6d.akamaiedge.net,23.215.4.46,a23-215-4-46.deploy.static.akamaitechnologies.com,http,http://n6d.akamaiedge.net,400,310,,45132e612df0c3b71af52b459cb99a690e329678b408288e3eda7cab4c707e45,AkamaiGHost,,"80,443","{""80"": ""HTTP/1.0 400 Bad Request\r\nServer: AkamaiGHost\r\nMime-Version: 1.0\r\nContent-Type: text/html\r\nContent-Length: 310\r\nExpires: Fri, 11 Jul 2025 12:24:53 GMT\r\nDate: Fri, 11 Jul 2025 12:24:53 GMT\r\nConnection: close\r\n\r\n"", ""443"": null}"
akamaiedge.net,n4dsce9.akamaiedge.net,23.212.254.110,a23-212-254-110.deploy.static.akamaitechnologies.com,http,http://n4dsce9.akamaiedge.net,400,312,,44567809857a06f321a413e999173e782030d89d389592addbd9f5b8a24bb9f1,AkamaiGHost,,"80,443","{""80"": ""HTTP/1.0 400 Bad Request\r\nServer: AkamaiGHost\r\nMime-Version: 1.0\r\nContent-Type: text/html\r\nContent-Length: 312\r\nExpires: Fri, 11 Jul 2025 12:24:53 GMT\r\nDate: Fri, 11 Jul 2025 12:24:53 GMT\r\nConnection: close\r\n\r\n"", ""443"": null}"
akamaiedge.net,n3dsce2.akamaiedge.net,23.212.254.12,a23-212-254-12.deploy.static.akamaitechnologies.com,http,http://n3dsce2.akamaiedge.net,400,310,,fc25206c7836e960750e33ac0cd4b0df4da5c0548dee8d10c4167ef1d29c336d,AkamaiGHost,,"80,443","{""80"": ""HTTP/1.0 400 Bad Request\r\nServer: AkamaiGHost\r\nMime-Version: 1.0\r\nContent-Type: text/html\r\nContent-Length: 310\r\nExpires: Fri, 11 Jul 2025 12:24:53 GMT\r\nDate: Fri, 11 Jul 2025 12:24:53 GMT\r\nConnection: close\r\n\r\n"", ""443"": null}"
akamaiedge.net,n4dscb1.akamaiedge.net,23.212.254.110,a23-212-254-110.deploy.static.akamaitechnologies.com,http,http://n4dscb1.akamaiedge.net,400,312,,c322c84e020ad8ad10f8bf3d9ba5379b1c76634eaa22e3f7335dd0a37ef3bcbc,AkamaiGHost,,"80,443","{""80"": ""HTTP/1.0 400 Bad Request\r\nServer: AkamaiGHost\r\nMime-Version: 1.0\r\nContent-Type: text/html\r\nContent-Length: 312\r\nExpires: Fri, 11 Jul 2025 12:24:54 GMT\r\nDate: Fri, 11 Jul 2025 12:24:54 GMT\r\nConnection: close\r\n\r\n"", ""443"": null}"
akamaiedge.net,n4x.akamaiedge.net,23.212.254.110,a23-212-254-110.deploy.static.akamaitechnologies.com,http,http://n4x.akamaiedge.net,400,312,,fa961bc9591939e39f71aa291e8166ed40b0e4a434e01c7ed977e49444ab87b8,AkamaiGHost,,"80,443","{""80"": ""HTTP/1.0 400 Bad Request\r\nServer: AkamaiGHost\r\nMime-Version: 1.0\r\nContent-Type: text/html\r\nContent-Length: 312\r\nExpires: Fri, 11 Jul 2025 12:24:54 GMT\r\nDate: Fri, 11 Jul 2025 12:24:54 GMT\r\nConnection: close\r\n\r\n"", ""443"": null}"
akamaiedge.net,n3dsce9.akamaiedge.net,23.212.254.12,a23-212-254-12.deploy.static.akamaitechnologies.com,http,http://n3dsce9.akamaiedge.net,400,310,,c67f2c74abf55ba23ed69d36d23bdc21747a616ce40e5f51d23b25fa1be4e6db,AkamaiGHost,,"80,443","{""80"": ""HTTP/1.0 400 Bad Request\r\nServer: AkamaiGHost\r\nMime-Version: 1.0\r\nContent-Type: text/html\r\nContent-Length: 310\r\nExpires: Fri, 11 Jul 2025 12:24:54 GMT\r\nDate: Fri, 11 Jul 2025 12:24:54 GMT\r\nConnection: close\r\n\r\n"", ""443"": null}"
akamaiedge.net,n2x.akamaiedge.net,23.212.254.238,a23-212-254-238.deploy.static.akamaitechnologies.com,http,http://n2x.akamaiedge.net,400,310,,ff2ae0f5097245d921ccb8b77dcd05bff64b0d93734c51489621e7d986f0f1e1,AkamaiGHost,,"80,443","{""80"": ""HTTP/1.0 400 Bad Request\r\nServer: AkamaiGHost\r\nMime-Version: 1.0\r\nContent-Type: text/html\r\nContent-Length: 310\r\nExpires: Fri, 11 Jul 2025 12:24:58 GMT\r\nDate: Fri, 11 Jul 2025 12:24:58 GMT\r\nConnection: close\r\n\r\n"", ""443"": null}"
akamaiedge.net,n2dspg.akamaiedge.net,23.212.254.238,a23-212-254-238.deploy.static.akamaitechnologies.com,http,http://n2dspg.akamaiedge.net,400,310,,f061aeb95ad003c59aada763b90e59ea143f84bccc9ebdc15756efcc31741976,AkamaiGHost,,"80,443","{""80"": ""HTTP/1.0 400 Bad Request\r\nServer: AkamaiGHost\r\nMime-Version: 1.0\r\nContent-Type: text/html\r\nContent-Length: 310\r\nExpires: Fri, 11 Jul 2025 12:24:57 GMT\r\nDate: Fri, 11 Jul 2025 12:24:57 GMT\r\nConnection: close\r\n\r\n"", ""443"": null}"
akamaiedge.net,n2dscb.akamaiedge.net,23.212.254.238,a23-212-254-238.deploy.static.akamaitechnologies.com,http,http://n2dscb.akamaiedge.net,400,310,,172a18ec5b7d16e222a1f89cf72d968789bbdf19a5c2cdeedcb8138a4801db8e,AkamaiGHost,,"80,443","{""80"": ""HTTP/1.0 400 Bad Request\r\nServer: AkamaiGHost\r\nMime-Version: 1.0\r\nContent-Type: text/html\r\nContent-Length: 310\r\nExpires: Fri, 11 Jul 2025 12:24:57 GMT\r\nDate: Fri, 11 Jul 2025 12:24:57 GMT\r\nConnection: close\r\n\r\n"", ""443"": null}"
akamaiedge.net,n2dsce9.akamaiedge.net,23.212.254.238,a23-212-254-238.deploy.static.akamaitechnologies.com,http,http://n2dsce9.akamaiedge.net,400,310,,f6ea7ff91212c8347a8deb2709b2f52fdfc0c120635cdfbf9406c8ec87f9eed7,AkamaiGHost,,"80,443","{""80"": ""HTTP/1.0 400 Bad Request\r\nServer: AkamaiGHost\r\nMime-Version: 1.0\r\nContent-Type: text/html\r\nContent-Length: 310\r\nExpires: Fri, 11 Jul 2025 12:24:58 GMT\r\nDate: Fri, 11 Jul 2025 12:24:58 GMT\r\nConnection: close\r\n\r\n"", ""443"": null}"
akamaiedge.net,n2p.akamaiedge.net,23.212.254.238,a23-212-254-238.deploy.static.akamaitechnologies.com,http,http://n2p.akamaiedge.net,400,310,,70e04a43aa1ec99261b0694e369a1255a454b55e01d6d4abbb98cfa5f6c09de8,AkamaiGHost,,"80,443","{""80"": ""HTTP/1.0 400 Bad Request\r\nServer: AkamaiGHost\r\nMime-Version: 1.0\r\nContent-Type: text/html\r\nContent-Length: 310\r\nExpires: Fri, 11 Jul 2025 12:24:58 GMT\r\nDate: Fri, 11 Jul 2025 12:24:58 GMT\r\nConnection: close\r\n\r\n"", ""443"": null}"
akamaiedge.net,n2g.akamaiedge.net,23.212.254.238,a23-212-254-238.deploy.static.akamaitechnologies.com,http,http://n2g.akamaiedge.net,400,310,,6eeb6b47e6669ff7e3c3a6fe12aef405dc02638846c31ff769b38b50dd6dc1c8,AkamaiGHost,,"80,443","{""80"": ""HTTP/1.0 400 Bad Request\r\nServer: AkamaiGHost\r\nMime-Version: 1.0\r\nContent-Type: text/html\r\nContent-Length: 310\r\nExpires: Fri, 11 Jul 2025 12:24:58 GMT\r\nDate: Fri, 11 Jul 2025 12:24:58 GMT\r\nConnection: close\r\n\r\n"", ""443"": null}"
akamaiedge.net,n2dspb.akamaiedge.net,23.212.254.238,a23-212-254-238.deploy.static.akamaitechnologies.com,http,http://n2dspb.akamaiedge.net,400,310,,d392aea3a6f226442f4b2b33a270e2e5f5af15665263083098427814681eb33f,AkamaiGHost,,"80,443","{""80"": ""HTTP/1.0 400 Bad Request\r\nServer: AkamaiGHost\r\nMime-Version: 1.0\r\nContent-Type: text/html\r\nContent-Length: 310\r\nExpires: Fri, 11 Jul 2025 12:24:57 GMT\r\nDate: Fri, 11 Jul 2025 12:24:57 GMT\r\nConnection: close\r\n\r\n"", ""443"": null}"
akamaiedge.net,n2dsce2.akamaiedge.net,23.212.254.238,a23-212-254-238.deploy.static.akamaitechnologies.com,http,http://n2dsce2.akamaiedge.net,400,310,,ccdaf15fd6b82648bd2468adba863a63a51dd7eea21fe2ddf11c914a7a5ff6b8,AkamaiGHost,,"80,443","{""80"": ""HTTP/1.0 400 Bad Request\r\nServer: AkamaiGHost\r\nMime-Version: 1.0\r\nContent-Type: text/html\r\nContent-Length: 310\r\nExpires: Fri, 11 Jul 2025 12:24:58 GMT\r\nDate: Fri, 11 Jul 2025 12:24:58 GMT\r\nConnection: close\r\n\r\n"", ""443"": null}"
akamaiedge.net,n2ksd.akamaiedge.net,23.212.254.238,a23-212-254-238.deploy.static.akamaitechnologies.com,http,http://n2ksd.akamaiedge.net,400,310,,84ad906ce565d6cf8a5802957b5640fd57a32d5c63fe7a2984d3042bbd584b7e,AkamaiGHost,,"80,443","{""80"": ""HTTP/1.0 400 Bad Request\r\nServer: AkamaiGHost\r\nMime-Version: 1.0\r\nContent-Type: text/html\r\nContent-Length: 310\r\nExpires: Fri, 11 Jul 2025 12:24:58 GMT\r\nDate: Fri, 11 Jul 2025 12:24:58 GMT\r\nConnection: close\r\n\r\n"", ""443"": null}"
akamaiedge.net,n2dscx.akamaiedge.net,23.212.254.238,a23-212-254-238.deploy.static.akamaitechnologies.com,http,http://n2dscx.akamaiedge.net,400,310,,cdfab94b069ff17c27d24eb9e536ec64d0350a26c63b1cce44600e9a575032a5,AkamaiGHost,,"80,443","{""80"": ""HTTP/1.0 400 Bad Request\r\nServer: AkamaiGHost\r\nMime-Version: 1.0\r\nContent-Type: text/html\r\nContent-Length: 310\r\nExpires: Fri, 11 Jul 2025 12:24:58 GMT\r\nDate: Fri, 11 Jul 2025 12:24:58 GMT\r\nConnection: close\r\n\r\n"", ""443"": null}"
akamaiedge.net,n2d.akamaiedge.net,23.212.254.238,a23-212-254-238.deploy.static.akamaitechnologies.com,http,http://n2d.akamaiedge.net,400,310,,16535251eb114cf4cfc80141346ff205f8c546dd95ba66296314b9b05c1a9fc1,AkamaiGHost,,"80,443","{""80"": ""HTTP/1.0 400 Bad Request\r\nServer: AkamaiGHost\r\nMime-Version: 1.0\r\nContent-Type: text/html\r\nContent-Length: 310\r\nExpires: Fri, 11 Jul 2025 12:24:58 GMT\r\nDate: Fri, 11 Jul 2025 12:24:58 GMT\r\nConnection: close\r\n\r\n"", ""443"": null}"
akamaiedge.net,n1dspg.akamaiedge.net,23.212.254.78,a23-212-254-78.deploy.static.akamaitechnologies.com,http,http://n1dspg.akamaiedge.net,400,312,,831ff22d01adf4d85b6a0d684a5bc0b461d114609b0b9e338cd6b3b85871801c,AkamaiGHost,,"80,443","{""80"": ""HTTP/1.0 400 Bad Request\r\nServer: AkamaiGHost\r\nMime-Version: 1.0\r\nContent-Type: text/html\r\nContent-Length: 312\r\nExpires: Fri, 11 Jul 2025 12:24:53 GMT\r\nDate: Fri, 11 Jul 2025 12:24:53 GMT\r\nConnection: close\r\n\r\n"", ""443"": null}"
akamaiedge.net,n1ksd.akamaiedge.net,23.212.254.78,a23-212-254-78.deploy.static.akamaitechnologies.com,http,http://n1ksd.akamaiedge.net,400,312,,b7cd740ce100091f60df06203273a9c5ebc85e9631ff2c13b739dbaa6d2a8993,AkamaiGHost,,"80,443","{""80"": ""HTTP/1.0 400 Bad Request\r\nServer: AkamaiGHost\r\nMime-Version: 1.0\r\nContent-Type: text/html\r\nContent-Length: 312\r\nExpires: Fri, 11 Jul 2025 12:24:53 GMT\r\nDate: Fri, 11 Jul 2025 12:24:53 GMT\r\nConnection: close\r\n\r\n"", ""443"": null}"
akamaiedge.net,n3dscg.akamaiedge.net,23.212.254.12,a23-212-254-12.deploy.static.akamaitechnologies.com,http,http://n3dscg.akamaiedge.net,400,310,,457b24160a02fb1c0a484a88a6a074734037c7c315fb7befcd8cbb986202ac1e,AkamaiGHost,,"80,443","{""80"": ""HTTP/1.0 400 Bad Request\r\nServer: AkamaiGHost\r\nMime-Version: 1.0\r\nContent-Type: text/html\r\nContent-Length: 310\r\nExpires: Fri, 11 Jul 2025 12:24:53 GMT\r\nDate: Fri, 11 Jul 2025 12:24:53 GMT\r\nConnection: close\r\n\r\n"", ""443"": null}"
akamaiedge.net,n1dscb.akamaiedge.net,23.212.254.78,a23-212-254-78.deploy.static.akamaitechnologies.com,http,http://n1dscb.akamaiedge.net,400,312,,3455f86f5830f8506daea2df76622d0f879407de7046516b8a4586ca2779309e,AkamaiGHost,,"80,443","{""80"": ""HTTP/1.0 400 Bad Request\r\nServer: AkamaiGHost\r\nMime-Version: 1.0\r\nContent-Type: text/html\r\nContent-Length: 312\r\nExpires: Fri, 11 Jul 2025 12:24:53 GMT\r\nDate: Fri, 11 Jul 2025 12:24:53 GMT\r\nConnection: close\r\n\r\n"", ""443"": null}"
akamaiedge.net,n3x.akamaiedge.net,23.212.254.12,a23-212-254-12.deploy.static.akamaitechnologies.com,http,http://n3x.akamaiedge.net,400,310,,a7f805828a84d6f8c61d801987c5fef31c965ec2fe54f149d850828b691eca96,AkamaiGHost,,"80,443","{""80"": ""HTTP/1.0 400 Bad Request\r\nServer: AkamaiGHost\r\nMime-Version: 1.0\r\nContent-Type: text/html\r\nContent-Length: 310\r\nExpires: Fri, 11 Jul 2025 12:24:53 GMT\r\nDate: Fri, 11 Jul 2025 12:24:53 GMT\r\nConnection: close\r\n\r\n"", ""443"": null}"
akamaiedge.net,n1dspb.akamaiedge.net,23.212.254.78,a23-212-254-78.deploy.static.akamaitechnologies.com,http,http://n1dspb.akamaiedge.net,400,312,,fac92a5720ddb28ce11f06c501f1ccb66c0c2889a9e4b31ec61e9741a538733c,AkamaiGHost,,"80,443","{""80"": ""HTTP/1.0 400 Bad Request\r\nServer: AkamaiGHost\r\nMime-Version: 1.0\r\nContent-Type: text/html\r\nContent-Length: 312\r\nExpires: Fri, 11 Jul 2025 12:24:53 GMT\r\nDate: Fri, 11 Jul 2025 12:24:53 GMT\r\nConnection: close\r\n\r\n"", ""443"": null}"
akamaiedge.net,n1x.akamaiedge.net,23.212.254.78,a23-212-254-78.deploy.static.akamaitechnologies.com,http,http://n1x.akamaiedge.net,400,312,,cb0ea04bf495e2a9ab018439b508b1b2c34f89807eed2090e8294ee53b888518,AkamaiGHost,,"80,443","{""80"": ""HTTP/1.0 400 Bad Request\r\nServer: AkamaiGHost\r\nMime-Version: 1.0\r\nContent-Type: text/html\r\nContent-Length: 312\r\nExpires: Fri, 11 Jul 2025 12:24:53 GMT\r\nDate: Fri, 11 Jul 2025 12:24:53 GMT\r\nConnection: close\r\n\r\n"", ""443"": null}"
akamaiedge.net,n3c.akamaiedge.net,23.212.254.12,a23-212-254-12.deploy.static.akamaitechnologies.com,http,http://n3c.akamaiedge.net,400,310,,8c4710bbbb634087c4414112f7e22b99e0ad0533cb34facd0aab63972e5cc2ee,AkamaiGHost,,"80,443","{""80"": ""HTTP/1.0 400 Bad Request\r\nServer: AkamaiGHost\r\nMime-Version: 1.0\r\nContent-Type: text/html\r\nContent-Length: 310\r\nExpires: Fri, 11 Jul 2025 12:24:53 GMT\r\nDate: Fri, 11 Jul 2025 12:24:53 GMT\r\nConnection: close\r\n\r\n"", ""443"": null}"
akamaiedge.net,n1g.akamaiedge.net,23.212.254.78,a23-212-254-78.deploy.static.akamaitechnologies.com,http,http://n1g.akamaiedge.net,400,312,,3fde26b4371d8d061f7792470cea664ee83378ee719ba0192bbaddd89a9da4f5,AkamaiGHost,,"80,443","{""80"": ""HTTP/1.0 400 Bad Request\r\nServer: AkamaiGHost\r\nMime-Version: 1.0\r\nContent-Type: text/html\r\nContent-Length: 312\r\nExpires: Fri, 11 Jul 2025 12:24:53 GMT\r\nDate: Fri, 11 Jul 2025 12:24:53 GMT\r\nConnection: close\r\n\r\n"", ""443"": null}"
akamaiedge.net,n1dscg.akamaiedge.net,23.212.254.78,a23-212-254-78.deploy.static.akamaitechnologies.com,http,http://n1dscg.akamaiedge.net,400,312,,1faa67d9af1e6c9722e3edc719a24d58c09f0b70a872ee40167b4aae738d70d8,AkamaiGHost,,"80,443","{""80"": ""HTTP/1.0 400 Bad Request\r\nServer: AkamaiGHost\r\nMime-Version: 1.0\r\nContent-Type: text/html\r\nContent-Length: 312\r\nExpires: Fri, 11 Jul 2025 12:24:53 GMT\r\nDate: Fri, 11 Jul 2025 12:24:53 GMT\r\nConnection: close\r\n\r\n"", ""443"": null}"
akamaiedge.net,n1dscx.akamaiedge.net,23.212.254.78,a23-212-254-78.deploy.static.akamaitechnologies.com,http,http://n1dscx.akamaiedge.net,400,312,,26b181daf3457eebaea9841c7ce93805ebbde57d0a36a7cfd032e5243fd83780,AkamaiGHost,,"80,443","{""80"": ""HTTP/1.0 400 Bad Request\r\nServer: AkamaiGHost\r\nMime-Version: 1.0\r\nContent-Type: text/html\r\nContent-Length: 312\r\nExpires: Fri, 11 Jul 2025 12:24:53 GMT\r\nDate: Fri, 11 Jul 2025 12:24:53 GMT\r\nConnection: close\r\n\r\n"", ""443"": null}"
akamaiedge.net,n3dspb.akamaiedge.net,23.212.254.12,a23-212-254-12.deploy.static.akamaitechnologies.com,http,http://n3dspb.akamaiedge.net,400,310,,5b4a3b7df17fcaee512b378f14759b790c08985bcd36f55c1b1334bce12eb63f,AkamaiGHost,,"80,443","{""80"": ""HTTP/1.0 400 Bad Request\r\nServer: AkamaiGHost\r\nMime-Version: 1.0\r\nContent-Type: text/html\r\nContent-Length: 310\r\nExpires: Fri, 11 Jul 2025 12:24:53 GMT\r\nDate: Fri, 11 Jul 2025 12:24:53 GMT\r\nConnection: close\r\n\r\n"", ""443"": null}"
akamaiedge.net,n3p.akamaiedge.net,23.212.254.12,a23-212-254-12.deploy.static.akamaitechnologies.com,http,http://n3p.akamaiedge.net,400,310,,fff40f7806a7ff75ae6c5c36a6deaea9d64d4283e2dfee91bf3a8e4b8fdbe88c,AkamaiGHost,,"80,443","{""80"": ""HTTP/1.0 400 Bad Request\r\nServer: AkamaiGHost\r\nMime-Version: 1.0\r\nContent-Type: text/html\r\nContent-Length: 310\r\nExpires: Fri, 11 Jul 2025 12:24:53 GMT\r\nDate: Fri, 11 Jul 2025 12:24:53 GMT\r\nConnection: close\r\n\r\n"", ""443"": null}"
akamaiedge.net,n1e9.akamaiedge.net,23.212.254.78,a23-212-254-78.deploy.static.akamaitechnologies.com,http,http://n1e9.akamaiedge.net,400,312,,4c15fc6c7a4836df59103316482d61fb58de084a09e4013fd6b3675b687a1aee,AkamaiGHost,,"80,443","{""80"": ""HTTP/1.0 400 Bad Request\r\nServer: AkamaiGHost\r\nMime-Version: 1.0\r\nContent-Type: text/html\r\nContent-Length: 312\r\nExpires: Fri, 11 Jul 2025 12:24:53 GMT\r\nDate: Fri, 11 Jul 2025 12:24:53 GMT\r\nConnection: close\r\n\r\n"", ""443"": null}"
akamaiedge.net,n1dscd.akamaiedge.net,23.212.254.78,a23-212-254-78.deploy.static.akamaitechnologies.com,http,http://n1dscd.akamaiedge.net,400,312,,edda742038f4384ea99b4d5a629902de1935e396ebde0246d34e148521b806ec,AkamaiGHost,,"80,443","{""80"": ""HTTP/1.0 400 Bad Request\r\nServer: AkamaiGHost\r\nMime-Version: 1.0\r\nContent-Type: text/html\r\nContent-Length: 312\r\nExpires: Fri, 11 Jul 2025 12:24:53 GMT\r\nDate: Fri, 11 Jul 2025 12:24:53 GMT\r\nConnection: close\r\n\r\n"", ""443"": null}"
akamaiedge.net,n1dsca.akamaiedge.net,23.212.254.78,a23-212-254-78.deploy.static.akamaitechnologies.com,http,http://n1dsca.akamaiedge.net,400,312,,6a4528a2262bb4d8569997a42c2a002fbb7009694660c93620d1cf9f13790755,AkamaiGHost,,"80,443","{""80"": ""HTTP/1.0 400 Bad Request\r\nServer: AkamaiGHost\r\nMime-Version: 1.0\r\nContent-Type: text/html\r\nContent-Length: 312\r\nExpires: Fri, 11 Jul 2025 12:24:53 GMT\r\nDate: Fri, 11 Jul 2025 12:24:53 GMT\r\nConnection: close\r\n\r\n"", ""443"": null}"
akamaiedge.net,n3dscb.akamaiedge.net,23.212.254.12,a23-212-254-12.deploy.static.akamaitechnologies.com,http,http://n3dscb.akamaiedge.net,400,310,,326ba4ad22373e8f59cb157b8edace8525cb0efcfbb5b1d005d8996f14b67ad9,AkamaiGHost,,"80,443","{""80"": ""HTTP/1.0 400 Bad Request\r\nServer: AkamaiGHost\r\nMime-Version: 1.0\r\nContent-Type: text/html\r\nContent-Length: 310\r\nExpires: Fri, 11 Jul 2025 12:24:53 GMT\r\nDate: Fri, 11 Jul 2025 12:24:53 GMT\r\nConnection: close\r\n\r\n"", ""443"": null}"
akamaiedge.net,n3d.akamaiedge.net,23.212.254.12,a23-212-254-12.deploy.static.akamaitechnologies.com,http,http://n3d.akamaiedge.net,400,310,,1ba172ed75ab51b11cdf44d028dfa0843b471e02427f3a517c4c8629bbd7c3be,AkamaiGHost,,"80,443","{""80"": ""HTTP/1.0 400 Bad Request\r\nServer: AkamaiGHost\r\nMime-Version: 1.0\r\nContent-Type: text/html\r\nContent-Length: 310\r\nExpires: Fri, 11 Jul 2025 12:24:54 GMT\r\nDate: Fri, 11 Jul 2025 12:24:54 GMT\r\nConnection: close\r\n\r\n"", ""443"": null}"
akamaiedge.net,n1dsce9.akamaiedge.net,23.212.254.78,a23-212-254-78.deploy.static.akamaitechnologies.com,http,http://n1dsce9.akamaiedge.net,400,312,,3fd0bc6d161fd9d2de16715fef663407f963dec346786e4cdfb0afb0e5ff2fd6,AkamaiGHost,,"80,443","{""80"": ""HTTP/1.0 400 Bad Request\r\nServer: AkamaiGHost\r\nMime-Version: 1.0\r\nContent-Type: text/html\r\nContent-Length: 312\r\nExpires: Fri, 11 Jul 2025 12:24:53 GMT\r\nDate: Fri, 11 Jul 2025 12:24:53 GMT\r\nConnection: close\r\n\r\n"", ""443"": null}"
akamaiedge.net,n3e9.akamaiedge.net,23.212.254.12,a23-212-254-12.deploy.static.akamaitechnologies.com,http,http://n3e9.akamaiedge.net,400,310,,76a513ff665d18cd621dfd8772bb279a07d32bc922b74acd0b200f3daece1372,AkamaiGHost,,"80,443","{""80"": ""HTTP/1.0 400 Bad Request\r\nServer: AkamaiGHost\r\nMime-Version: 1.0\r\nContent-Type: text/html\r\nContent-Length: 310\r\nExpires: Fri, 11 Jul 2025 12:24:53 GMT\r\nDate: Fri, 11 Jul 2025 12:24:53 GMT\r\nConnection: close\r\n\r\n"", ""443"": null}"
akamaiedge.net,n3dscx.akamaiedge.net,23.212.254.12,a23-212-254-12.deploy.static.akamaitechnologies.com,http,http://n3dscx.akamaiedge.net,400,310,,c846920c5bd89c29c8cb4015616269e593d5eb5bc77c41c23b573b4f4825bf1d,AkamaiGHost,,"80,443","{""80"": ""HTTP/1.0 400 Bad Request\r\nServer: AkamaiGHost\r\nMime-Version: 1.0\r\nContent-Type: text/html\r\nContent-Length: 310\r\nExpires: Fri, 11 Jul 2025 12:24:54 GMT\r\nDate: Fri, 11 Jul 2025 12:24:54 GMT\r\nConnection: close\r\n\r\n"", ""443"": null}"
akamaiedge.net,n3dspg.akamaiedge.net,23.212.254.12,a23-212-254-12.deploy.static.akamaitechnologies.com,http,http://n3dspg.akamaiedge.net,400,310,,8873a67bc7aeceedb3d329350cfab35cc874c2ba090b2f879c19771f29c3ac19,AkamaiGHost,,"80,443","{""80"": ""HTTP/1.0 400 Bad Request\r\nServer: AkamaiGHost\r\nMime-Version: 1.0\r\nContent-Type: text/html\r\nContent-Length: 310\r\nExpires: Fri, 11 Jul 2025 12:24:54 GMT\r\nDate: Fri, 11 Jul 2025 12:24:54 GMT\r\nConnection: close\r\n\r\n"", ""443"": null}"
akamaiedge.net,n3dscd.akamaiedge.net,23.212.254.12,a23-212-254-12.deploy.static.akamaitechnologies.com,http,http://n3dscd.akamaiedge.net,400,310,,e3fd783a16b950c56553abad27ad998d45626c3dccfd952d2aaaf4764dedcf80,AkamaiGHost,,"80,443","{""80"": ""HTTP/1.0 400 Bad Request\r\nServer: AkamaiGHost\r\nMime-Version: 1.0\r\nContent-Type: text/html\r\nContent-Length: 310\r\nExpires: Fri, 11 Jul 2025 12:24:54 GMT\r\nDate: Fri, 11 Jul 2025 12:24:54 GMT\r\nConnection: close\r\n\r\n"", ""443"": null}"
akamaiedge.net,n3ksd.akamaiedge.net,23.212.254.12,a23-212-254-12.deploy.static.akamaitechnologies.com,http,http://n3ksd.akamaiedge.net,400,310,,788be59661b123bb4f7cd782d80b4797019cdee145c21ee65f71fd6d22badd47,AkamaiGHost,,"80,443","{""80"": ""HTTP/1.0 400 Bad Request\r\nServer: AkamaiGHost\r\nMime-Version: 1.0\r\nContent-Type: text/html\r\nContent-Length: 310\r\nExpires: Fri, 11 Jul 2025 12:24:54 GMT\r\nDate: Fri, 11 Jul 2025 12:24:54 GMT\r\nConnection: close\r\n\r\n"", ""443"": null}"
